Customer ID ,Customer Name,Email,Phone no.,Adress line 1,Country,Postcode,Loyality Card
17671-51939-MA,Zai,zai12@gmail.com,,sector7 house no9,Pakistan,105232,Yes
17672-51939-MA,Rose,rose72@gmail.com,,flat8 bulding 8 dc road ,Pakistan,105232,Yes
17673-51939-MA,Lily,lily23@gmail.com,,bulding near D-mart,Pakistan,105232,Yes
17674-51939-MA,Rean,rean8@gmail.com,,hall city road 2-4,UK,237891,Yes
17675-51939-MA,Fadi,fadio3@gmail.com,,sector7 house no9,Pakistan,105232,Yes
17676-51939-MA,Snobr,snobr@gmail.com,,mmu road 9-62D,UK,237891,NO
17677-51939-MA,Robin,rbion@gmail.com,,95-b iceland,Iceland,724351,Yes
17678-51939-MA,Lone,lone@gmail.com,,flat8 bulding 8 dc road ,Pakistan,105232,Yes
17679-51939-MA,Ben,ben5@gmail.com,,95-b iceland,Iceland,724351,Yes
17680-51939-MA,Ten,ten78@gmail.com,,5U-9D london,UK,237891,Yes
17681-51939-MA,Iron ,iron9@gmail.com,,9MMhall free canada,Canada,626266,NO
17682-51939-MA,Thor,thor56@gmail.com,,mmu road 9-62D,UK,237891,NO
17683-51939-MA,Shuzka,shuziii@gmail.com,,R7-3Dwales,UK,237891,NO
17684-51939-MA,Nobita,nobbiii@gmail.com,,5U-9D london,UK,237891,NO
17685-51939-MA,Gian,gian67@gmail.com,,bulding near D-mart,Pakistan,105232,Yes
17687-51939-MA,Sunio,suniooo@gmail.com,,R7-3Dwales,UK,237891,Yes
17686-51939-MA,Dora,dora8@gmail.com,,95-b iceland,Iceland,724351,Yes
17688-51939-MA,Dorien,dorieee@gmail.com,,9MMhall free canada,Canada,626266,Yes
17689-51939-MA,Danyal,danyal@gmail.com,,hall city road 2-4,UK,237891,Yes
17690-51939-MA,Zaid,zaid@gmail.com,,sector7 house no9,Pakistan,105232,NO
17691-51939-MA,Zawar,zawar@gmail.com,,R7-3Dwales,UK,237891,Yes
17670921939-MA,Zeshan ,zehan@gmail.com,,5U-9D london,UK,237891,NO
17693-51939-MA,Mosa,mosa@gmail.com,,9MMhall free canada,Canada,626266,Yes
17694-51939-MA,Arham,arham@gmail.com,,R7-3Dwales,UK,237891,Yes
17695-51939-MA,Ahad,ahad67@gmail.com,,street road germany ,Germany,888889,Yes
17696-51939-MA,Najam ,najam@gmail.com,,95-b iceland,Iceland,724351,Yes
17697-51939-MA,Rehman ,rehman@gmail.com,,mmu road 9-62D,UK,237891,Yes
17698-51939-MA,Daud,daud@gmail.com,,street road germany ,Germany,888889,Yes
17699-51939-MA,Qamar,qamar@gmail.com,,flat8 bulding 8 dc road ,Pakistan,105232,NO
17670-51939-NZ,Skinder,skinder@gmail.com,,R7-3Dwales,UK,237891,NO
17670-51939-ME,Shahbaz,shahbaz@gmail.com,,street road germany ,Germany,888889,NO
17670-51940-ME,Danyal,danyal009@gmail.com,,9MMhall free canada,Canada,626266,NO
17670-51941-ME,Subhan,subna@gmail.com,,TYF-89-italy,Italy,787222,NO
17670-51942-ME,Shan,shan00@gmail.com,,street road germany ,Germany,888889,NO
17670-51943-ME,Roman,roman@gmail.com,,TYF-89-italy,Italy,787222,Yes
17670-51945-ME,Tayyab,trayyab@gmail.com,,R7-3Dwales,UK,237891,Yes
17670-51946-ME,Kashif,kashif@gmail.com,,street 78-flat9 dubi,Dubi,230000,Yes
17670-51947-ME,Ali,ali990@gmail.com,,TYF-89-italy,Italy,787222,Yes
17670-51948-ME,Vivi,vivi90090@gmail.com,,9MMhall free canada,Canada,626266,Yes
17670-51949-ME,Ahsan,ahsna@gmail.com,,5U-9D london,UK,237891,Yes
17670-51950-ME,Ahad mir,ahadm09@gmail.com,,R7-3Dwales,UK,237891,NO
17670-51958-ME,Sarmad ,sarmad34@gmail.com,,95-b iceland,Iceland,724351,NO
17670-51952-ME,Moin ,moin32@gmail.com,,street road germany ,Germany,888889,NO
17670-51953-ME,Sana,sana56@gmail.com,,sector7 house no9,Pakistan,105232,NO
17670-51954-ME,Amna,amna56@gmail.com,,TYF-89-italy,Italy,787222,Yes
17670-51955-ME,Juan,juan56@gmail.com,,5U-9D london,uk,237891,NO
17670-51956-ME,Doug,doug56@gmail.com,,95-b iceland,Iceland,724351,Yes
17670-51973-ME,Charlie,charlie56@gmail.com,,bulding near D-mart,Pakistan,105232,NO
17670-51958-ME,Doug,doug56@gmail.com,,mmu road 9-62D,UK,237891,NO
17670-51959-ME,Helen,helen56@gmail.com,,flat8 bulding 8 dc road ,Pakistan,105232,NO
17670-51960-ME,Doug,doug56@gmail.com,,9MMhall free canada,Canada,626266,Yes
17670-51961-ME,Doug,doug56@gmail.com,,hall city road 2-4,UK,237891,Yes
16820-62826-QW,Juan,juan56@gmail.com,,street road germany ,Germany,888889,Yes
16820-62836-QW,Doug,doug56@gmail.com,,TYF-89-italy,Italy,787222,Yes
16820-62846-QW,Helen,helen56@gmail.com,,R7-3Dwales,UK,237891,Yes
16820-62526-QW,Charlie,charlie56@gmail.com,,95-b iceland,Iceland,724351,Yes
16820-62866-QW,Helen,helen56@gmail.com,,9MMhall free canada,Canada,626266,Yes
16820-62876-QW,Juan,juan56@gmail.com,,5U-9D london,UK,237891,Yes
16820-62886-QW,Doug,doug56@gmail.com,,street 78-flat9 dubi,Dubi,230000,NO
16820-62896-QW,Helen,helen56@gmail.com,,TYF-89-italy,Italy,787222,NO
16820-62800-QW,Charlie,charlie56@gmail.com,,R7-3Dwales,UK,237891,NO
16820-62828-QW,Doug,doug56@gmail.com,,street road germany ,Germany,888889,NO
16820-62876-QW,Juan,juan56@gmail.com,,9MMhall free canada,Canada,626266,Yes
16820-62823-QW,Helen,helen56@gmail.com,,TYF-89-italy,Italy,787222,Yes
16820-62829-QW,Charlie,charlie56@gmail.com,,95-b iceland,Iceland,724351,Yes
17383-76832-SD1,Juan,juan56@gmail.com,,street 78-flat9 dubi,Dubi,230000,Yes
17383-76832-SD2,Doug,doug56@gmail.com,,R7-3Dwales,UK,237891,Yes
17383-76832-SD3,Charlie,charlie56@gmail.com,,street road germany ,Germany,888889,Yes
17383-76832-SD4,Doug,doug56@gmail.com,,9MMhall free canada,Canada,626266,Yes
17383-76832-SD5,Helen,helen56@gmail.com,,hall city road 2-4,UK,237891,Yes
17383-76832-SD6,Doug,doug56@gmail.com,,R7-3Dwales,UK,237891,Yes
17383-76832-SD7,Doug,doug56@gmail.com,,9MMhall free canada,Canada,626266,Yes
17383-76832-SD8,Juan,juan56@gmail.com,,mmu road 9-62D,UK,237891,Yes
17383-76832-SD9,Doug,doug56@gmail.com,,sector7 house no9,Pakistan,105232,Yes
17383-76832-SD10,Helen,helen56@gmail.com,,street 78-flat9 dubi,Dubi,230000,Yes
17383-76832-SD11,Charlie,charlie56@gmail.com,,5U-9D london,UK,237891,NO
17383-76832-SD12,Helen,helen56@gmail.com,,street road germany ,Germany,888889,NO
17383-76832-SD13,Juan,juan56@gmail.com,,R7-3Dwales,UK,237891,Yes
17383-76832-SD14,Doug,doug56@gmail.com,,TYF-89-italy,Italy,787222,Yes
21539-63283-UT1,Helen,helen56@gmail.com,,flat8 bulding 8 dc road ,Pakistan,105232,Yes
21539-63283-UT2,Charlie,charlie56@gmail.com,,95-b iceland,Iceland,724351,NO
21539-63283-UT3,Doug,doug56@gmail.com,,street 78-flat9 dubi,Dubi,230000,Yes
21539-63283-UT4,Juan,juan56@gmail.com,,TYF-89-italy,Italy,787222,NO
21539-63283-UT5,Helen,helen56@gmail.com,,R7-3Dwales,UK,237891,Yes
21539-63283-UT6,Smith,smith56@gmail.com,,9MMhall free canada,Canada,626266,Yes
21539-63283-UT7,Smith,smith56@gmail.com,,5U-9D london,UK,237891,Yes
21539-63283-UT8,Hernandez,hernandez56@gmail.com,,street road germany ,Germany,888889,Yes
21539-63283-UT9,Smith,smith56@gmail.com,,hall city road 2-4,UK,237891,Yes
21539-63283-UT10,Johnson,johnson56@gmail.com,,street 78-flat9 dubi,Dubi,230000,Yes
21539-63283-UT11,Barnes,barnes56@gmail.com,,R7-3Dwales,UK,237891,Yes
21539-63283-UT12,Johnson,johnson56@gmail.com,,mmu road 9-62D,UK,237891,Yes
21539-63283-UT13,Hernandez,hernandez56@gmail.com,,street 78-flat9 dubi,Dubi,230000,NO
21539-63283-UT14,Smith,smith56@gmail.com,,TYF-89-italy,Italy,787222,NO
21539-63283-UT15,Johnson,johnson56@gmail.com,,street road germany ,Germany,888889,NO
21539-63283-UT16,Barnes,barnes56@gmail.com,,street 78-flat9 dubi,Dubi,230000,NO
21539-63283-UT17,Smith,smith56@gmail.com,,R7-3Dwales,uk,237891,NO
21539-63283-UT18,Hernandez,hernandez56@gmail.com,,street road germany ,Germany,888889,NO
21539-63283-UT19,Johnson,johnson56@gmail.com,,sector7 house no9,Pakistan,105232,NO
21539-63283-UT20,Zai,zai56@gmail.com,,95-b iceland,Iceland,724351,NO
21539-63283-UT21,Rose,rose56@gmail.com,,9MMhall free canada,Canada,626266,NO
21539-63283-UT22,Lily,lily56@gmail.com,,5U-9D london,UK,237891,NO
21539-63283-UT23,Rean,rean56@gmail.com,,TYF-89-italy,Italy,787222,Yes
21539-63283-UT24,Fadi,fadi56@gmail.com,,street road germany ,Germany,888889,Yes
21539-63283-UT25,Snobr,snobr56@gmail.com,,street 78-flat9 dubi,Dubi,230000,Yes
21539-63283-UT26,Robin,robin56@gmail.com,,TYF-89-italy,Italy,787222,NO
21539-63283-UT27,Lone,lone56@gmail.com,,street road germany ,Germany,888889,Yes
21539-63283-UT28,Ben,ben56@gmail.com,,mmu road 9-62D,UK,237891,Yes
21539-63283-UT29,Ten,ten56@gmail.com,,R7-3Dwales,UK,237891,Yes
21539-63283-UT30,Iron ,iron56@gmail.com,,9MMhall free canada,Canada,626266,Yes
21539-63283-UT31,Thor,thor56@gmail.com,,street road germany ,Germany,888889,Yes
21539-63283-UT32,Shuzka,shuzka56@gmail.com,,5U-9D london,UK,237891,Yes
21539-63283-UT33,Nobita,nobita56@gmail.com,,hall city road 2-4,UK,237891,Yes
21539-63283-UT34,Gian,gian56@gmail.com,,street road germany ,Germany,888889,Yes
21539-63283-UT35,Sunio,sunio56@gmail.com,,R7-3Dwales,UK,237891,Yes
21539-63283-UT36,Dora,dora56@gmail.com,,TYF-89-italy,Italy,787222,Yes
21539-63283-UT37,Dorien,dorien56@gmail.com,,flat8 bulding 8 dc road ,Pakistan,105232,Yes
21539-63283-UT38,Danyal,danyal56@gmail.com,,95-b iceland,Iceland,724351,Yes
21539-63283-UT39,Zaid,zaid56@gmail.com,,street road germany ,Germany,888889,Yes
21539-63283-UT40,Zawar,zawar56@gmail.com,,R7-3Dwales,UK,237891,Yes
21539-63283-UT41,Zeshan ,zeshan56@gmail.com,,5U-9D london,UK,237891,Yes
21539-63283-UT42,Mosa,mosa56@gmail.com,,9MMhall free canada,Canada,626266,NO
21539-63283-UT43,Arham,arham56@gmail.com,,mmu road 9-62D,UK,237891,NO
21539-63283-UT44,Ahad,ahad56@gmail.com,,street 78-flat9 dubi,Dubi,230000,NO
21539-63283-UT45,Najam ,najam56@gmail.com,,street road germany ,Germany,888889,NO
21539-63283-UT46,Rehman ,rehman56@gmail.com,,sector7 house no9,Pakistan,105232,Yes
21539-63283-UT47,Daud,daud56@gmail.com,,TYF-89-italy,Italy,787222,NO
21539-63283-UT48,Qamar,qamar56@gmail.com,,street 78-flat9 dubi,Dubi,230000,Yes
21539-63283-UT49,Skinder,skinder56@gmail.com,,R7-3Dwales,UK,237891,NO
21539-63283-UT50,Shahbaz,shahbaz56@gmail.com,,street 78-flat9 dubi,Dubi,230000,Yes
21539-63283-UT51,Danyal,danyal56@gmail.com,,street road germany ,Germany,888889,NO
21539-63283-UT52,Subhan,subhan56@gmail.com,,street 78-flat9 dubi,Dubi,230000,Yes
21539-63283-UT53,Shan,shan56@gmail.com,,95-b iceland,Iceland,724351,NO
21539-63283-UT54,Roman,roman56@gmail.com,,9MMhall free canada,Canada,626266,Yes
21539-63283-UT55,Tayyab,tayyab56@gmail.com,,TYF-89-italy,Italy,787222,NO
21539-63283-UT56,Kashif,kashif56@gmail.com,,5U-9D london,UK,237891,Yes
21539-63283-UT57,Ali,ali56@gmail.com,,street road germany ,Germany,888889,NO
21539-63283-UT58,Vivi,vivi56@gmail.com,,R7-3Dwales,UK,237891,Yes
21539-63283-UT59,Ahsan,ahsan56@gmail.com,,street 78-flat9 dubi,Dubi,230000,NO
21539-63283-UT60,Ahad mir,ahad mir56@gmail.com,,hall city road 2-4,UK,237891,Yes
21539-63283-UT61,Sarmad ,sarmad56@gmail.com,,mmu road 9-62D,UK,237891,NO
21539-63283-UT62,Moin ,moin56@gmail.com,,street road germany ,Germany,888889,Yes
21539-63283-UT63,Zoi,zoi56@gmail.com,,9MMhall free canada,Canada,626266,NO
21539-63283-UT64,Zuni,zuni56@gmail.com,,street road germany ,Germany,888889,Yes
21539-63283-UT65,Zahid,zahid56@gmail.com,,5U-9D london,UK,237891,NO
21539-63283-UT66,Zahr,zahr56@gmail.com,,TYF-89-italy,Italy,787222,Yes
21539-63283-UT67,Zht,zht56@gmail.com,,R7-3Dwales,UK,237891,NO
21539-63283-UT68,Zubair,zubair56@gmail.com,,bulding near D-mart,Pakistan,105232,Yes
21539-63283-UT69,Ahsn,ahsn56@gmail.com,,street 78-flat9 dubi,Dubi,230000,NO
21539-63283-UT70,Ali,ali56@gmail.com,,95-b iceland,Iceland,724351,Yes
21539-63283-UT71,Ameer,ameer56@gmail.com,,street road germany ,Germany,888889,NO
21539-63283-UT72,Anas,anas56@gmail.com,,5U-9D london,UK,237891,NO
21539-63283-UT73,Artm,artm56@gmail.com,,TYF-89-italy,Italy,787222,NO
21539-63283-UT74,Ahthsam,ahthsam56@gmail.com,,9MMhall free canada,Canada,626266,Yes
21539-63283-UT75,Atheshma,atheshma56@gmail.com,,street 78-flat9 dubi,Dubi,230000,Yes
21539-63283-UT76,Rehman ,rehman56@gmail.com,,R7-3Dwales,UK,237891,Yes
21539-63283-UT77,Razi,razi56@gmail.com,,5U-9D london,UK,237891,Yes
21539-63283-UT78,Qut,qut56@gmail.com,,street road germany ,Germany,888889,Yes
21539-63283-UT79,Quni,quni56@gmail.com,,5U-9D london,UK,237891,Yes
21539-63283-UT80,Shot,shot56@gmail.com,,TYF-89-italy,Italy,787222,Yes
21539-63283-UT81,Sthoy,sthoy56@gmail.com,,street road germany ,Germany,888889,Yes
21539-63283-UT82,Stokey,stokey56@gmail.com,,sector7 house no9,Pakistan,105232,Yes
21539-63283-UT83,dath,dath56@gmail.com,,street 78-flat9 dubi,Dubi,230000,Yes
21539-63283-UT84,Wood,wood56@gmail.com,,95-b iceland,Iceland,724351,Yes
21539-63283-UT85,Arzoo,arzoo56@gmail.com,,mmu road 9-62D,UK,237891,NO
21539-63283-UT86,Ansa,ansa56@gmail.com,,TYF-89-italy,Italy,787222,NO
21539-63283-UT87,Anas,anas56@gmail.com,,street 78-flat9 dubi,Dubi,230000,NO
21539-63283-UT88,Iqra,iqra56@gmail.com,,9MMhall free canada,Canada,626266,NO
21539-63283-UT89,Momina,momina56@gmail.com,,TYF-89-italy,Italy,787222,NO
21539-63283-UT90,Khalil,khalil56@gmail.com,,R7-3Dwales,UK,237891,NO
21539-63283-UT91,Tanveer,tanveer56@gmail.com,,street road germany ,Germany,888889,Yes
21539-63283-UT92,Minha,minha56@gmail.com,,5U-9D london,UK,237891,Yes
21539-63283-UT93,Minhal,minhal56@gmail.com,,street 78-flat9 dubi,Dubi,230000,Yes
21539-63283-UT94,Amna,amna56@gmail.com,,9MMhall free canada,Canada,626266,Yes
21539-63283-UT95,Aeman,aeman56@gmail.com,,TYF-89-italy,Italy,787222,NO
21539-63283-UT96,Afifa,afifa56@gmail.com,,R7-3Dwales,UK,237891,Yes
21539-63283-UT97,Aliza,aliza56@gmail.com,,5U-9D london,UK,237891,Yes
21539-63283-UT98,Anzeela,anzeela56@gmail.com,,bulding near D-mart,Pakistan,105232,NO
21539-63283-UT99,Anaya,anaya56@gmail.com,,street road germany ,Germany,888889,Yes
21539-63283-UT100,Arooj,arooj56@gmail.com,,flat8 bulding 8 dc road ,Pakistan,105232,Yes
21539-63283-UT101,Hassan,hassan56@gmail.com,,street road germany ,Germany,888889,Yes
21539-63283-UT102,Kashif,kashif56@gmail.com,,hall city road 2-4,UK,237891,Yes
21539-63283-UT103,Shban,shban56@gmail.com,,mmu road 9-62D,UK,237891,Yes
21539-63283-UT104,Dar,dar56@gmail.com,,5U-9D london,UK,237891,Yes
21539-63283-UT105,Shifiq,shifiq56@gmail.com,,95-b iceland,Iceland,724351,NO
21539-63283-UT106,Usman,usman56@gmail.com,,bulding near D-mart,Pakistan,105232,Yes
21539-63283-UT107,Hina,hina56@gmail.com,,9MMhall free canada,Canada,626266,Yes
21539-63283-UT108,Zaniab,zaniab56@gmail.com,,95-b iceland,Iceland,724351,Yes
21539-63283-UT109,Nouman,nouman56@gmail.com,,sector7 house no9,Pakistan,105232,Yes
21539-63283-UT110,Fhad,fhad56@gmail.com,,mmu road 9-62D,UK,237891,NO
